Given,Surname,Other,ID,Group,Email,Phone
Pedro,Afonso,downtown,,Adult,,
Pedro,Afonso,Junior,,,,
Victoria,Ashworth,,AB511,Adult,,
Helen,Bennett,,,Adult,,
Lesley,Brown,,,Adult,,
Francisco,Chang,,,Adult,,
Scunción,Cortès,,,Adult,,
Aria 5,Cruz Long Name VeryLongNameLikeThis,Doctor,,,,
Aria,Danton,,,Adult,,
Yoshi,de Latimer,,,Adult,,
Ann,Devon,,,Adult,,
Anabela,Domingues,,,Adult,,
Peter,Franken,,,Adult,,
Paul,Henriot,,AB199,Adult,,
Carlos,Hernadez,,,Adult,,
Palle 3,Ibsen,,,Adult,,
Karla,Jablonski,,,Adult,,
Pedro,jAfonso,Senior,,Adult,,
Frédéric Pierre,Jaquenoud,,,Adult,,
Karin,Josephs,,,Adult,,
Matti,Karttunen,,,Adult,,
Pirkko,Koskitalo,,,Adult,,
Janine,Labrune,,,Adult,,
Maria,Larsson,,a,Adult,,
Ugust,Le Châtelard,Gus,,Adult,,
Laurence,Lebihan,,,Adult,,
Elizabeth,Lincoln,,,Adult,,
rançois,Marchand,,,Adult,,
Patricia,McKenna,,,Adult,,
Roland,Mendel,,,Adult,,
Rita,Muller,,,Adult,,
Helvetius,Nagy,,,Adult,,
Timothy,O'Rourke,,ZU511,Adult,,
Sven,Ottlieb,,ID#4112,Adult,,
Miguel,Paolino,,,Adult,,
Paula,Parente,,,Adult,,
Manuel,Pereira,,,Adult,,
Maria,Pontes,,,Adult,,
Martine,Rance,,,Adult,,
Diego,Roel,,,Adult,,
Annette,Roulet,,,Adult,,
Mary,Saveley,,,Adult,,
Carine,Schmitt,,,Adult,,
John,Smith,,,Adult,,
Margaret,Smith,,,Adult,,
Howard,Snyder,,,Adult,,
Martin,Sommer,,,Adult,,
Gary,Thomas,,5225,,,
Sue,Thomas,,,Adult,,
Daniel,Tonini,,,Adult,,
tienne,Üzbek,,,Adult,,
